utc_timestamp,DE_KN_industrial2_storage_charge,cet_cest_timestamp,interpolated
2016-04-24T00:00:00Z,,2016-04-24T02:00:00+0200,DE_KN_residential4_refrigerator | DE_KN_residential4_grid_import | DE_KN_residential4_dishwasher | DE_KN_residential4_grid_export | DE_KN_residential4_washing_machine | DE_KN_residential4_heat_pump | DE_KN_residential4_pv | DE_KN_residential4_ev | DE_KN_residential4_freezer | DE_KN_residential2_circulation_pump
2016-04-24T01:00:00Z,,2016-04-24T03:00:00+0200,DE_KN_residential4_refrigerator | DE_KN_residential4_grid_import | DE_KN_residential3_dishwasher | DE_KN_residential4_dishwasher | DE_KN_residential4_grid_export | DE_KN_residential4_washing_machine | DE_KN_residential4_heat_pump | DE_KN_residential4_pv | DE_KN_residential4_ev | DE_KN_residential4_freezer
2016-04-24T02:00:00Z,,2016-04-24T04:00:00+0200,DE_KN_residential4_refrigerator | DE_KN_residential4_grid_import | DE_KN_residential4_dishwasher | DE_KN_residential4_grid_export | DE_KN_residential4_washing_machine | DE_KN_residential4_heat_pump | DE_KN_residential4_pv | DE_KN_residential4_ev | DE_KN_residential4_freezer | DE_KN_residential2_circulation_pump
2016-04-24T03:00:00Z,,2016-04-24T05:00:00+0200,DE_KN_residential4_refrigerator | DE_KN_residential4_grid_import | DE_KN_residential4_dishwasher | DE_KN_residential4_grid_export | DE_KN_residential4_washing_machine | DE_KN_residential4_heat_pump | DE_KN_residential4_pv | DE_KN_residential4_ev | DE_KN_residential4_freezer
2016-04-24T04:00:00Z,,2016-04-24T06:00:00+0200,DE_KN_residential4_refrigerator | DE_KN_residential4_grid_import | DE_KN_residential4_dishwasher | DE_KN_residential4_grid_export | DE_KN_residential4_washing_machine | DE_KN_residential4_heat_pump | DE_KN_residential4_pv | DE_KN_residential4_ev | DE_KN_residential4_freezer
2016-04-24T05:00:00Z,,2016-04-24T07:00:00+0200,DE_KN_residential4_refrigerator | DE_KN_residential3_dishwasher | DE_KN_residential4_grid_import | DE_KN_residential4_dishwasher | DE_KN_residential4_grid_export | DE_KN_residential4_washing_machine | DE_KN_residential4_heat_pump | DE_KN_residential4_pv | DE_KN_residential4_ev | DE_KN_residential4_freezer
2016-04-24T06:00:00Z,,2016-04-24T08:00:00+0200,DE_KN_residential4_refrigerator | DE_KN_residential4_grid_import | DE_KN_residential4_dishwasher | DE_KN_residential4_grid_export | DE_KN_residential4_washing_machine | DE_KN_residential4_heat_pump | DE_KN_residential4_pv | DE_KN_residential4_ev | DE_KN_residential4_freezer
2016-04-24T07:00:00Z,,2016-04-24T09:00:00+0200,DE_KN_residential4_refrigerator | DE_KN_residential4_grid_import | DE_KN_residential4_dishwasher | DE_KN_residential4_grid_export | DE_KN_residential4_washing_machine | DE_KN_residential4_heat_pump | DE_KN_residential4_pv | DE_KN_residential4_ev | DE_KN_residential4_freezer
2016-04-24T08:00:00Z,,2016-04-24T10:00:00+0200,DE_KN_residential4_refrigerator | DE_KN_residential4_grid_import | DE_KN_residential3_dishwasher | DE_KN_residential4_dishwasher | DE_KN_residential4_grid_export | DE_KN_residential4_washing_machine | DE_KN_residential4_heat_pump | DE_KN_residential4_pv | DE_KN_residential4_ev | DE_KN_residential4_freezer
2016-04-24T09:00:00Z,,2016-04-24T11:00:00+0200,DE_KN_residential4_refrigerator | DE_KN_residential4_grid_import | DE_KN_residential4_dishwasher | DE_KN_residential4_grid_export | DE_KN_residential4_washing_machine | DE_KN_residential4_heat_pump | DE_KN_residential4_pv | DE_KN_residential4_ev | DE_KN_residential4_freezer
2016-04-24T10:00:00Z,,2016-04-24T12:00:00+0200,DE_KN_residential1_freezer | DE_KN_residential4_refrigerator | DE_KN_residential4_grid_import | DE_KN_residential1_dishwasher | DE_KN_residential4_dishwasher | DE_KN_residential4_grid_export | DE_KN_residential4_washing_machine | DE_KN_residential4_heat_pump | DE_KN_residential4_pv | DE_KN_residential4_ev | DE_KN_residential1_washing_machine | DE_KN_residential4_freezer
2016-04-24T11:00:00Z,,2016-04-24T13:00:00+0200,DE_KN_residential4_refrigerator | DE_KN_residential4_grid_import | DE_KN_residential3_dishwasher | DE_KN_residential4_dishwasher | DE_KN_residential4_grid_export | DE_KN_residential4_washing_machine | DE_KN_residential4_heat_pump | DE_KN_residential4_pv | DE_KN_residential4_ev | DE_KN_residential1_washing_machine | DE_KN_residential4_freezer
2016-04-24T12:00:00Z,,2016-04-24T14:00:00+0200,DE_KN_residential4_refrigerator | DE_KN_residential3_dishwasher | DE_KN_residential4_grid_import | DE_KN_residential4_dishwasher | DE_KN_residential4_grid_export | DE_KN_residential4_washing_machine | DE_KN_residential4_heat_pump | DE_KN_residential4_pv | DE_KN_residential4_ev | DE_KN_residential4_freezer
2016-04-24T13:00:00Z,,2016-04-24T15:00:00+0200,DE_KN_residential4_refrigerator | DE_KN_residential4_grid_import | DE_KN_residential4_dishwasher | DE_KN_residential4_grid_export | DE_KN_residential4_washing_machine | DE_KN_residential4_heat_pump | DE_KN_residential4_pv | DE_KN_residential4_ev | DE_KN_residential4_freezer
2016-04-24T14:00:00Z,,2016-04-24T16:00:00+0200,DE_KN_residential4_refrigerator | DE_KN_residential4_grid_import | DE_KN_residential4_dishwasher | DE_KN_residential4_grid_export | DE_KN_residential4_washing_machine | DE_KN_residential4_heat_pump | DE_KN_residential4_pv | DE_KN_residential4_ev | DE_KN_residential4_freezer
2016-04-24T15:00:00Z,,2016-04-24T17:00:00+0200,DE_KN_residential4_refrigerator | DE_KN_residential4_grid_import | DE_KN_residential4_dishwasher | DE_KN_residential4_grid_export | DE_KN_residential4_washing_machine | DE_KN_residential4_heat_pump | DE_KN_residential4_pv | DE_KN_residential4_ev | DE_KN_residential4_freezer
2016-04-24T16:00:00Z,,2016-04-24T18:00:00+0200,DE_KN_residential4_refrigerator | DE_KN_residential4_grid_import | DE_KN_residential4_dishwasher | DE_KN_residential4_grid_export | DE_KN_residential4_washing_machine | DE_KN_residential4_heat_pump | DE_KN_residential4_pv | DE_KN_residential4_ev | DE_KN_residential4_freezer
2016-04-24T17:00:00Z,,2016-04-24T19:00:00+0200,DE_KN_residential4_refrigerator | DE_KN_residential4_grid_import | DE_KN_residential3_dishwasher | DE_KN_residential4_dishwasher | DE_KN_residential4_grid_export | DE_KN_residential4_washing_machine | DE_KN_residential4_heat_pump | DE_KN_residential4_pv | DE_KN_residential4_ev | DE_KN_residential4_freezer
2016-04-24T18:00:00Z,,2016-04-24T20:00:00+0200,DE_KN_residential4_refrigerator | DE_KN_residential3_dishwasher | DE_KN_residential4_grid_import | DE_KN_residential4_dishwasher | DE_KN_residential4_grid_export | DE_KN_residential4_washing_machine | DE_KN_residential4_heat_pump | DE_KN_residential4_pv | DE_KN_residential4_ev | DE_KN_residential4_freezer
2016-04-24T19:00:00Z,,2016-04-24T21:00:00+0200,DE_KN_residential4_refrigerator | DE_KN_residential4_grid_import | DE_KN_residential5_dishwasher | DE_KN_residential5_refrigerator | DE_KN_residential4_dishwasher | DE_KN_residential4_grid_export | DE_KN_residential5_grid_import | DE_KN_residential4_washing_machine | DE_KN_residential4_heat_pump | DE_KN_residential4_pv | DE_KN_residential4_ev | DE_KN_residential5_washing_machine | DE_KN_residential4_freezer
2016-04-24T20:00:00Z,,2016-04-24T22:00:00+0200,DE_KN_residential5_dishwasher | DE_KN_residential5_refrigerator | DE_KN_residential5_grid_import | DE_KN_residential2_dishwasher | DE_KN_residential5_washing_machine | DE_KN_residential2_circulation_pump
2016-04-24T21:00:00Z,,2016-04-24T23:00:00+0200,DE_KN_residential5_dishwasher | DE_KN_residential5_refrigerator | DE_KN_residential3_dishwasher | DE_KN_residential5_grid_import | DE_KN_residential2_dishwasher | DE_KN_residential5_washing_machine
2016-04-24T22:00:00Z,,2016-04-25T00:00:00+0200,DE_KN_residential5_dishwasher | DE_KN_residential5_refrigerator | DE_KN_residential4_grid_import | DE_KN_residential4_grid_export | DE_KN_residential5_grid_import | DE_KN_residential1_washing_machine | DE_KN_residential5_washing_machine
2016-04-24T23:00:00Z,,2016-04-25T01:00:00+0200,DE_KN_residential5_dishwasher | DE_KN_residential5_refrigerator | DE_KN_residential5_grid_import | DE_KN_residential1_washing_machine | DE_KN_residential5_washing_machine
2016-04-25T00:00:00Z,,2016-04-25T02:00:00+0200,DE_KN_residential5_refrigerator | DE_KN_residential5_washing_machine | DE_KN_residential5_grid_import | DE_KN_residential5_dishwasher
2016-04-25T01:00:00Z,,2016-04-25T03:00:00+0200,DE_KN_residential5_dishwasher | DE_KN_residential5_refrigerator | DE_KN_residential5_grid_import | DE_KN_residential1_washing_machine | DE_KN_residential5_washing_machine
2016-04-25T02:00:00Z,,2016-04-25T04:00:00+0200,DE_KN_residential1_washing_machine
2016-04-25T03:00:00Z,,2016-04-25T05:00:00+0200,DE_KN_residential5_dishwasher | DE_KN_residential5_refrigerator | DE_KN_residential5_grid_import | DE_KN_residential1_washing_machine | DE_KN_residential5_washing_machine
2016-04-25T04:00:00Z,,2016-04-25T06:00:00+0200,DE_KN_residential5_dishwasher | DE_KN_residential5_refrigerator | DE_KN_residential5_grid_import | DE_KN_residential2_dishwasher | DE_KN_residential5_washing_machine
2016-04-25T05:00:00Z,,2016-04-25T07:00:00+0200,DE_KN_residential5_dishwasher | DE_KN_residential5_refrigerator | DE_KN_residential5_grid_import | DE_KN_residential4_ev | DE_KN_residential1_washing_machine | DE_KN_residential5_washing_machine
2016-04-25T06:00:00Z,,2016-04-25T08:00:00+0200,DE_KN_residential5_dishwasher | DE_KN_residential5_refrigerator | DE_KN_residential5_grid_import | DE_KN_residential1_washing_machine | DE_KN_residential5_washing_machine
2016-04-25T07:00:00Z,,2016-04-25T09:00:00+0200,DE_KN_residential4_grid_export | DE_KN_residential1_washing_machine | DE_KN_residential4_grid_import
2016-04-25T08:00:00Z,,2016-04-25T10:00:00+0200,DE_KN_residential5_dishwasher | DE_KN_residential5_refrigerator | DE_KN_residential5_grid_import | DE_KN_residential4_ev | DE_KN_residential1_washing_machine | DE_KN_residential5_washing_machine
2016-04-25T09:00:00Z,,2016-04-25T11:00:00+0200,DE_KN_residential5_dishwasher | DE_KN_residential5_refrigerator | DE_KN_residential5_grid_import | DE_KN_residential1_washing_machine | DE_KN_residential5_washing_machine
2016-04-25T10:00:00Z,,2016-04-25T12:00:00+0200,DE_KN_residential5_refrigerator | DE_KN_residential5_washing_machine | DE_KN_residential5_grid_import | DE_KN_residential5_dishwasher
2016-04-25T11:00:00Z,,2016-04-25T13:00:00+0200,DE_KN_residential3_washing_machine | DE_KN_residential3_dishwasher | DE_KN_residential5_refrigerator | DE_KN_residential5_dishwasher | DE_KN_residential5_grid_import | DE_KN_residential5_washing_machine
2016-04-25T12:00:00Z,,2016-04-25T14:00:00+0200,DE_KN_residential3_washing_machine | DE_KN_residential5_dishwasher | DE_KN_residential5_refrigerator | DE_KN_residential5_grid_import | DE_KN_residential4_ev | DE_KN_residential1_washing_machine | DE_KN_residential5_washing_machine
2016-04-25T13:00:00Z,,2016-04-25T15:00:00+0200,DE_KN_residential3_washing_machine | DE_KN_residential5_dishwasher | DE_KN_residential5_refrigerator | DE_KN_residential5_grid_import | DE_KN_residential5_washing_machine
2016-04-25T14:00:00Z,,2016-04-25T16:00:00+0200,DE_KN_residential5_refrigerator | DE_KN_residential5_washing_machine | DE_KN_residential5_grid_import | DE_KN_residential5_dishwasher
2016-04-25T15:00:00Z,0.000,2016-04-25T17:00:00+0200,DE_KN_residential5_dishwasher | DE_KN_residential5_refrigerator | DE_KN_residential3_dishwasher | DE_KN_residential5_grid_import | DE_KN_residential1_washing_machine | DE_KN_residential5_washing_machine
2016-04-25T16:00:00Z,0.005,2016-04-25T18:00:00+0200,DE_KN_residential1_freezer | DE_KN_residential5_dishwasher | DE_KN_residential5_refrigerator | DE_KN_residential5_grid_import | DE_KN_residential1_washing_machine | DE_KN_residential5_washing_machine | DE_KN_residential1_dishwasher
2016-04-25T17:00:00Z,0.010,2016-04-25T19:00:00+0200,DE_KN_residential1_dishwasher | DE_KN_residential1_freezer | DE_KN_residential1_washing_machine
2016-04-25T18:00:00Z,0.015,2016-04-25T20:00:00+0200,DE_KN_residential1_freezer | DE_KN_residential5_dishwasher | DE_KN_residential5_refrigerator | DE_KN_residential5_grid_import | DE_KN_residential1_washing_machine | DE_KN_residential5_washing_machine | DE_KN_residential1_dishwasher
2016-04-25T19:00:00Z,0.020,2016-04-25T21:00:00+0200,DE_KN_residential5_dishwasher | DE_KN_residential5_refrigerator | DE_KN_residential5_grid_import | DE_KN_residential1_washing_machine | DE_KN_residential5_washing_machine
2016-04-25T20:00:00Z,0.025,2016-04-25T22:00:00+0200,DE_KN_residential5_dishwasher | DE_KN_residential5_refrigerator | DE_KN_residential5_grid_import | DE_KN_residential1_washing_machine | DE_KN_residential5_washing_machine
2016-04-25T21:00:00Z,0.030,2016-04-25T23:00:00+0200,DE_KN_residential5_dishwasher | DE_KN_residential5_refrigerator | DE_KN_residential5_grid_import | DE_KN_residential1_washing_machine | DE_KN_residential5_washing_machine
2016-04-25T22:00:00Z,0.035,2016-04-26T00:00:00+0200,DE_KN_residential5_dishwasher | DE_KN_residential5_refrigerator | DE_KN_residential5_grid_import | DE_KN_residential1_washing_machine | DE_KN_residential5_washing_machine
2016-04-25T23:00:00Z,0.040,2016-04-26T01:00:00+0200,DE_KN_residential5_refrigerator | DE_KN_residential5_washing_machine | DE_KN_residential5_grid_import | DE_KN_residential5_dishwasher
2016-04-26T00:00:00Z,0.045,2016-04-26T02:00:00+0200,DE_KN_residential5_dishwasher | DE_KN_residential5_refrigerator | DE_KN_residential5_grid_import | DE_KN_residential1_washing_machine | DE_KN_residential5_washing_machine | DE_KN_residential2_circulation_pump
2016-04-26T01:00:00Z,0.050,2016-04-26T03:00:00+0200,DE_KN_residential5_dishwasher | DE_KN_residential5_refrigerator | DE_KN_residential5_grid_import | DE_KN_residential5_washing_machine | DE_KN_residential2_circulation_pump
2016-04-26T02:00:00Z,0.055,2016-04-26T04:00:00+0200,DE_KN_residential5_refrigerator | DE_KN_residential5_washing_machine | DE_KN_residential5_grid_import | DE_KN_residential5_dishwasher
2016-04-26T03:00:00Z,0.060,2016-04-26T05:00:00+0200,DE_KN_residential5_dishwasher | DE_KN_residential5_refrigerator | DE_KN_residential5_grid_import | DE_KN_residential1_washing_machine | DE_KN_residential5_washing_machine
2016-04-26T04:00:00Z,0.065,2016-04-26T06:00:00+0200,DE_KN_residential1_washing_machine
2016-04-26T05:00:00Z,0.069,2016-04-26T07:00:00+0200,DE_KN_residential1_washing_machine
2016-04-26T06:00:00Z,0.074,2016-04-26T08:00:00+0200,DE_KN_residential5_dishwasher | DE_KN_residential5_refrigerator | DE_KN_residential3_dishwasher | DE_KN_residential5_grid_import | DE_KN_residential4_ev | DE_KN_residential1_washing_machine | DE_KN_residential5_washing_machine
2016-04-26T07:00:00Z,0.079,2016-04-26T09:00:00+0200,DE_KN_residential5_dishwasher | DE_KN_residential5_refrigerator | DE_KN_residential5_grid_import | DE_KN_residential5_washing_machine | DE_KN_residential2_circulation_pump
2016-04-26T08:00:00Z,0.084,2016-04-26T10:00:00+0200,DE_KN_residential5_dishwasher | DE_KN_residential5_refrigerator | DE_KN_residential5_grid_import | DE_KN_residential1_washing_machine | DE_KN_residential5_washing_machine
2016-04-26T09:00:00Z,0.089,2016-04-26T11:00:00+0200,DE_KN_residential1_washing_machine
2016-04-26T10:00:00Z,0.094,2016-04-26T12:00:00+0200,DE_KN_residential5_dishwasher | DE_KN_residential4_grid_import | DE_KN_residential5_refrigerator | DE_KN_residential4_grid_export | DE_KN_residential5_grid_import | DE_KN_residential1_washing_machine | DE_KN_residential5_washing_machine
2016-04-26T11:00:00Z,0.098,2016-04-26T13:00:00+0200,DE_KN_residential5_dishwasher | DE_KN_residential5_refrigerator | DE_KN_residential5_grid_import | DE_KN_residential1_washing_machine | DE_KN_residential5_washing_machine
2016-04-26T12:00:00Z,0.103,2016-04-26T14:00:00+0200,DE_KN_residential3_dishwasher | DE_KN_residential5_refrigerator | DE_KN_residential5_dishwasher | DE_KN_residential5_grid_import | DE_KN_residential5_washing_machine
2016-04-26T13:00:00Z,0.108,2016-04-26T15:00:00+0200,DE_KN_residential3_washing_machine | DE_KN_residential5_dishwasher | DE_KN_residential5_refrigerator | DE_KN_residential5_grid_import | DE_KN_residential1_washing_machine | DE_KN_residential5_washing_machine
2016-04-26T14:00:00Z,0.113,2016-04-26T16:00:00+0200,DE_KN_residential3_washing_machine | DE_KN_residential5_dishwasher | DE_KN_residential5_refrigerator | DE_KN_residential4_grid_import | DE_KN_residential4_grid_export | DE_KN_residential5_grid_import | DE_KN_residential5_washing_machine
2016-04-26T15:00:00Z,0.118,2016-04-26T17:00:00+0200,DE_KN_residential3_washing_machine | DE_KN_residential5_dishwasher | DE_KN_residential5_refrigerator | DE_KN_residential5_grid_import | DE_KN_residential4_ev | DE_KN_residential5_washing_machine
2016-04-26T16:00:00Z,0.123,2016-04-26T18:00:00+0200,DE_KN_residential5_dishwasher | DE_KN_residential5_refrigerator | DE_KN_residential3_dishwasher | DE_KN_residential5_grid_import | DE_KN_residential4_ev | DE_KN_residential5_washing_machine | DE_KN_residential4_freezer
2016-04-26T17:00:00Z,0.128,2016-04-26T19:00:00+0200,DE_KN_residential5_dishwasher | DE_KN_residential5_refrigerator | DE_KN_residential4_grid_import | DE_KN_residential4_grid_export | DE_KN_residential5_grid_import | DE_KN_residential4_ev | DE_KN_residential5_washing_machine | DE_KN_residential4_freezer
2016-04-26T18:00:00Z,0.133,2016-04-26T20:00:00+0200,DE_KN_residential5_dishwasher | DE_KN_residential5_refrigerator | DE_KN_residential4_grid_import | DE_KN_residential4_grid_export | DE_KN_residential5_grid_import | DE_KN_residential5_washing_machine
2016-04-26T19:00:00Z,0.138,2016-04-26T21:00:00+0200,DE_KN_residential5_refrigerator | DE_KN_residential5_washing_machine | DE_KN_residential5_grid_import | DE_KN_residential5_dishwasher
2016-04-26T20:00:00Z,0.143,2016-04-26T22:00:00+0200,DE_KN_residential5_dishwasher | DE_KN_residential5_refrigerator | DE_KN_residential5_grid_import | DE_KN_residential5_washing_machine | DE_KN_residential2_circulation_pump
2016-04-26T21:00:00Z,0.148,2016-04-26T23:00:00+0200,DE_KN_residential5_refrigerator | DE_KN_residential5_washing_machine | DE_KN_residential5_grid_import | DE_KN_residential5_dishwasher
2016-04-26T22:00:00Z,0.153,2016-04-27T00:00:00+0200,DE_KN_residential5_dishwasher | DE_KN_residential5_refrigerator | DE_KN_residential5_grid_import | DE_KN_residential5_washing_machine | DE_KN_residential2_circulation_pump
2016-04-26T23:00:00Z,0.158,2016-04-27T01:00:00+0200,DE_KN_residential3_dishwasher | DE_KN_residential5_refrigerator | DE_KN_residential5_dishwasher | DE_KN_residential5_grid_import | DE_KN_residential5_washing_machine
2016-04-27T00:00:00Z,0.163,2016-04-27T02:00:00+0200,DE_KN_residential1_dishwasher | DE_KN_residential1_freezer | DE_KN_residential1_washing_machine | DE_KN_residential3_dishwasher
2016-04-27T01:00:00Z,0.168,2016-04-27T03:00:00+0200,DE_KN_residential1_dishwasher | DE_KN_residential1_freezer | DE_KN_residential1_washing_machine
2016-04-27T02:00:00Z,0.173,2016-04-27T04:00:00+0200,DE_KN_residential1_freezer | DE_KN_residential5_dishwasher | DE_KN_residential5_refrigerator | DE_KN_residential5_grid_import | DE_KN_residential1_washing_machine | DE_KN_residential5_washing_machine | DE_KN_residential1_dishwasher
2016-04-27T03:00:00Z,0.178,2016-04-27T05:00:00+0200,DE_KN_residential5_refrigerator | DE_KN_residential5_washing_machine | DE_KN_residential5_grid_import | DE_KN_residential5_dishwasher
2016-04-27T04:00:00Z,0.183,2016-04-27T06:00:00+0200,DE_KN_residential5_dishwasher | DE_KN_residential5_refrigerator | DE_KN_residential4_grid_import | DE_KN_residential4_grid_export | DE_KN_residential3_dishwasher | DE_KN_residential5_grid_import | DE_KN_residential1_washing_machine | DE_KN_residential5_washing_machine
2016-04-27T05:00:00Z,0.188,2016-04-27T07:00:00+0200,DE_KN_residential5_refrigerator | DE_KN_residential5_washing_machine | DE_KN_residential5_grid_import | DE_KN_residential5_dishwasher
2016-04-27T06:00:00Z,0.193,2016-04-27T08:00:00+0200,DE_KN_residential1_freezer | DE_KN_residential5_dishwasher | DE_KN_residential5_refrigerator | DE_KN_residential5_grid_import | DE_KN_residential1_washing_machine | DE_KN_residential5_washing_machine | DE_KN_residential1_dishwasher
2016-04-27T07:00:00Z,0.198,2016-04-27T09:00:00+0200,DE_KN_residential1_freezer | DE_KN_residential5_dishwasher | DE_KN_residential5_refrigerator | DE_KN_residential4_grid_import | DE_KN_residential4_grid_export | DE_KN_residential5_grid_import | DE_KN_residential1_washing_machine | DE_KN_residential5_washing_machine | DE_KN_residential1_dishwasher
2016-04-27T08:00:00Z,0.203,2016-04-27T10:00:00+0200,DE_KN_residential5_dishwasher | DE_KN_residential5_refrigerator | DE_KN_residential4_grid_import | DE_KN_residential4_grid_export | DE_KN_residential5_grid_import | DE_KN_residential5_washing_machine
2016-04-27T09:00:00Z,0.208,2016-04-27T11:00:00+0200,DE_KN_residential3_washing_machine | DE_KN_residential5_dishwasher | DE_KN_residential5_refrigerator | DE_KN_residential5_grid_import | DE_KN_residential5_washing_machine
2016-04-27T10:00:00Z,0.213,2016-04-27T12:00:00+0200,DE_KN_residential3_dishwasher | DE_KN_residential5_refrigerator | DE_KN_residential5_dishwasher | DE_KN_residential5_grid_import | DE_KN_residential5_washing_machine
2016-04-27T11:00:00Z,0.218,2016-04-27T13:00:00+0200,DE_KN_residential5_refrigerator | DE_KN_residential5_washing_machine | DE_KN_residential5_grid_import | DE_KN_residential5_dishwasher
2016-04-27T12:00:00Z,0.223,2016-04-27T14:00:00+0200,DE_KN_residential3_dishwasher | DE_KN_residential5_refrigerator | DE_KN_residential5_dishwasher | DE_KN_residential4_grid_export | DE_KN_residential4_grid_import | DE_KN_residential5_grid_import | DE_KN_residential4_ev | DE_KN_residential5_washing_machine
2016-04-27T13:00:00Z,0.228,2016-04-27T15:00:00+0200,DE_KN_residential5_dishwasher | DE_KN_residential5_refrigerator | DE_KN_residential4_grid_import | DE_KN_residential4_grid_export | DE_KN_residential5_grid_import | DE_KN_residential5_washing_machine | DE_KN_residential2_circulation_pump
2016-04-27T14:00:00Z,0.233,2016-04-27T16:00:00+0200,DE_KN_residential5_dishwasher | DE_KN_residential5_refrigerator | DE_KN_residential4_grid_import | DE_KN_residential4_grid_export | DE_KN_residential5_grid_import | DE_KN_residential5_washing_machine
2016-04-27T15:00:00Z,0.239,2016-04-27T17:00:00+0200,DE_KN_residential3_dishwasher | DE_KN_residential5_refrigerator | DE_KN_residential5_dishwasher | DE_KN_residential5_grid_import | DE_KN_residential5_washing_machine
2016-04-27T16:00:00Z,0.244,2016-04-27T18:00:00+0200,DE_KN_residential5_dishwasher | DE_KN_residential5_refrigerator | DE_KN_residential4_grid_import | DE_KN_residential4_grid_export | DE_KN_residential5_grid_import | DE_KN_residential5_washing_machine
2016-04-27T17:00:00Z,0.249,2016-04-27T19:00:00+0200,DE_KN_residential5_dishwasher | DE_KN_residential5_refrigerator | DE_KN_residential4_grid_import | DE_KN_residential4_grid_export | DE_KN_residential5_grid_import | DE_KN_residential5_washing_machine
2016-04-27T18:00:00Z,0.254,2016-04-27T20:00:00+0200,DE_KN_residential5_dishwasher | DE_KN_residential5_refrigerator | DE_KN_residential4_grid_import | DE_KN_residential4_grid_export | DE_KN_residential5_grid_import | DE_KN_residential5_washing_machine
2016-04-27T19:00:00Z,0.259,2016-04-27T21:00:00+0200,DE_KN_residential5_refrigerator | DE_KN_residential5_washing_machine | DE_KN_residential5_grid_import | DE_KN_residential5_dishwasher
2016-04-27T20:00:00Z,0.264,2016-04-27T22:00:00+0200,DE_KN_residential3_washing_machine | DE_KN_residential5_dishwasher | DE_KN_residential5_refrigerator | DE_KN_residential5_grid_import | DE_KN_residential5_washing_machine
2016-04-27T21:00:00Z,0.269,2016-04-27T23:00:00+0200,DE_KN_residential3_washing_machine | DE_KN_residential5_dishwasher | DE_KN_residential5_refrigerator | DE_KN_residential3_dishwasher | DE_KN_residential5_grid_import | DE_KN_residential5_washing_machine
2016-04-27T22:00:00Z,0.275,2016-04-28T00:00:00+0200,DE_KN_residential5_dishwasher | DE_KN_residential5_refrigerator | DE_KN_residential3_dishwasher | DE_KN_residential5_grid_import | DE_KN_residential5_washing_machine
2016-04-27T23:00:00Z,0.280,2016-04-28T01:00:00+0200,DE_KN_residential5_refrigerator | DE_KN_residential5_washing_machine | DE_KN_residential5_grid_import | DE_KN_residential5_dishwasher
2016-04-28T00:00:00Z,0.285,2016-04-28T02:00:00+0200,DE_KN_residential5_refrigerator | DE_KN_residential5_washing_machine | DE_KN_residential5_grid_import | DE_KN_residential5_dishwasher
2016-04-28T01:00:00Z,0.290,2016-04-28T03:00:00+0200,DE_KN_residential3_dishwasher | DE_KN_residential5_refrigerator | DE_KN_residential5_dishwasher | DE_KN_residential5_grid_import | DE_KN_residential5_washing_machine
2016-04-28T02:00:00Z,0.296,2016-04-28T04:00:00+0200,DE_KN_residential5_dishwasher | DE_KN_residential5_refrigerator | DE_KN_residential3_dishwasher | DE_KN_residential5_grid_import | DE_KN_residential5_washing_machine
2016-04-28T03:00:00Z,0.301,2016-04-28T05:00:00+0200,DE_KN_residential5_dishwasher | DE_KN_residential5_refrigerator | DE_KN_residential4_grid_import | DE_KN_residential4_grid_export | DE_KN_residential5_grid_import | DE_KN_residential5_washing_machine
2016-04-28T04:00:00Z,0.306,2016-04-28T06:00:00+0200,DE_KN_residential5_refrigerator | DE_KN_residential5_washing_machine | DE_KN_residential5_grid_import | DE_KN_residential5_dishwasher
2016-04-28T05:00:00Z,0.310,2016-04-28T07:00:00+0200,DE_KN_residential3_washing_machine | DE_KN_residential5_dishwasher | DE_KN_residential5_refrigerator | DE_KN_residential5_grid_import | DE_KN_residential5_washing_machine
2016-04-28T06:00:00Z,0.315,2016-04-28T08:00:00+0200,DE_KN_residential5_refrigerator | DE_KN_residential5_washing_machine | DE_KN_residential5_grid_import | DE_KN_residential5_dishwasher
2016-04-28T07:00:00Z,0.320,2016-04-28T09:00:00+0200,DE_KN_residential3_washing_machine | DE_KN_residential3_dishwasher | DE_KN_residential5_refrigerator | DE_KN_residential5_dishwasher | DE_KN_residential5_grid_import | DE_KN_residential5_washing_machine
2016-04-28T08:00:00Z,0.325,2016-04-28T10:00:00+0200,DE_KN_residential5_refrigerator | DE_KN_residential5_washing_machine | DE_KN_residential5_grid_import | DE_KN_residential5_dishwasher
2016-04-28T09:00:00Z,0.331,2016-04-28T11:00:00+0200,DE_KN_residential5_refrigerator | DE_KN_residential5_washing_machine | DE_KN_residential5_grid_import | DE_KN_residential5_dishwasher
2016-04-28T10:00:00Z,0.336,2016-04-28T12:00:00+0200,DE_KN_residential3_dishwasher | DE_KN_residential5_refrigerator | DE_KN_residential5_dishwasher | DE_KN_residential5_grid_import | DE_KN_residential5_washing_machine
2016-04-28T11:00:00Z,0.341,2016-04-28T13:00:00+0200,DE_KN_residential5_dishwasher | DE_KN_residential6_dishwasher | DE_KN_residential6_washing_machine | DE_KN_residential6_grid_import | DE_KN_residential6_freezer | DE_KN_residential2_circulation_pump
2016-04-28T12:00:00Z,0.346,2016-04-28T14:00:00+0200,DE_KN_residential4_grid_import | DE_KN_residential4_grid_export | DE_KN_residential6_dishwasher | DE_KN_residential6_washing_machine | DE_KN_residential6_grid_import | DE_KN_residential6_freezer | DE_KN_residential2_circulation_pump
2016-04-28T13:00:00Z,0.351,2016-04-28T15:00:00+0200,DE_KN_residential1_freezer | DE_KN_residential6_dishwasher | DE_KN_residential6_washing_machine | DE_KN_residential6_grid_import | DE_KN_residential1_washing_machine | DE_KN_residential1_dishwasher | DE_KN_residential6_freezer
2016-04-28T14:00:00Z,0.356,2016-04-28T16:00:00+0200,DE_KN_residential1_dishwasher | DE_KN_residential1_freezer | DE_KN_residential1_washing_machine
2016-04-28T15:00:00Z,0.361,2016-04-28T17:00:00+0200,DE_KN_residential1_dishwasher | DE_KN_residential1_freezer | DE_KN_residential1_washing_machine
2016-04-28T16:00:00Z,0.367,2016-04-28T18:00:00+0200,DE_KN_residential1_freezer | DE_KN_residential6_dishwasher | DE_KN_residential6_washing_machine | DE_KN_residential6_grid_import | DE_KN_residential1_washing_machine | DE_KN_residential1_dishwasher | DE_KN_residential6_freezer
2016-04-28T17:00:00Z,0.372,2016-04-28T19:00:00+0200,DE_KN_residential5_dishwasher | DE_KN_residential6_dishwasher | DE_KN_residential6_washing_machine | DE_KN_residential6_grid_import | DE_KN_residential6_freezer
2016-04-28T18:00:00Z,0.377,2016-04-28T20:00:00+0200,DE_KN_residential3_dishwasher | DE_KN_residential4_grid_import | DE_KN_residential4_grid_export | DE_KN_residential6_dishwasher | DE_KN_residential6_washing_machine | DE_KN_residential6_grid_import | DE_KN_residential6_freezer
2016-04-28T19:00:00Z,0.382,2016-04-28T21:00:00+0200,DE_KN_residential4_grid_import | DE_KN_residential4_grid_export | DE_KN_residential6_dishwasher | DE_KN_residential6_washing_machine | DE_KN_residential6_grid_import | DE_KN_residential6_freezer
2016-04-28T20:00:00Z,0.387,2016-04-28T22:00:00+0200,DE_KN_residential6_dishwasher | DE_KN_residential6_washing_machine | DE_KN_residential6_grid_import | DE_KN_residential6_freezer | DE_KN_residential2_circulation_pump
2016-04-28T21:00:00Z,0.392,2016-04-28T23:00:00+0200,DE_KN_residential6_dishwasher | DE_KN_residential6_grid_import | DE_KN_residential6_freezer | DE_KN_residential6_washing_machine
2016-04-28T22:00:00Z,0.397,2016-04-29T00:00:00+0200,DE_KN_residential6_dishwasher | DE_KN_residential6_grid_import | DE_KN_residential6_freezer | DE_KN_residential6_washing_machine
2016-04-28T23:00:00Z,0.402,2016-04-29T01:00:00+0200,DE_KN_residential4_grid_import | DE_KN_residential4_grid_export | DE_KN_residential6_dishwasher | DE_KN_residential6_washing_machine | DE_KN_residential6_grid_import | DE_KN_residential6_freezer | DE_KN_residential2_circulation_pump
2016-04-29T00:00:00Z,0.408,2016-04-29T02:00:00+0200,DE_KN_residential4_grid_import | DE_KN_residential4_grid_export | DE_KN_residential6_dishwasher | DE_KN_residential6_washing_machine | DE_KN_residential6_grid_import | DE_KN_residential6_freezer
2016-04-29T01:00:00Z,0.413,2016-04-29T03:00:00+0200,DE_KN_residential3_dishwasher | DE_KN_residential6_dishwasher | DE_KN_residential6_washing_machine | DE_KN_residential6_grid_import | DE_KN_residential6_freezer
2016-04-29T02:00:00Z,0.418,2016-04-29T04:00:00+0200,DE_KN_residential4_grid_import | DE_KN_residential4_grid_export | DE_KN_residential6_dishwasher | DE_KN_residential6_washing_machine | DE_KN_residential6_grid_import | DE_KN_residential6_freezer | DE_KN_residential2_circulation_pump
2016-04-29T03:00:00Z,0.422,2016-04-29T05:00:00+0200,DE_KN_residential1_freezer | DE_KN_residential6_dishwasher | DE_KN_residential6_washing_machine | DE_KN_residential6_grid_import | DE_KN_residential1_washing_machine | DE_KN_residential1_dishwasher | DE_KN_residential6_freezer
2016-04-29T04:00:00Z,0.427,2016-04-29T06:00:00+0200,DE_KN_residential1_freezer | DE_KN_residential6_dishwasher | DE_KN_residential6_washing_machine | DE_KN_residential6_grid_import | DE_KN_residential1_washing_machine | DE_KN_residential1_dishwasher | DE_KN_residential6_freezer
2016-04-29T05:00:00Z,0.432,2016-04-29T07:00:00+0200,DE_KN_residential3_dishwasher | DE_KN_residential6_dishwasher | DE_KN_residential6_washing_machine | DE_KN_residential6_grid_import | DE_KN_residential6_freezer
2016-04-29T06:00:00Z,0.437,2016-04-29T08:00:00+0200,DE_KN_residential6_dishwasher | DE_KN_residential6_grid_import | DE_KN_residential6_freezer | DE_KN_residential6_washing_machine
2016-04-29T07:00:00Z,0.442,2016-04-29T09:00:00+0200,DE_KN_residential1_freezer | DE_KN_residential4_grid_import | DE_KN_residential4_grid_export | DE_KN_residential6_dishwasher | DE_KN_residential6_washing_machine | DE_KN_residential6_grid_import | DE_KN_residential1_washing_machine | DE_KN_residential1_dishwasher | DE_KN_residential6_freezer
2016-04-29T08:00:00Z,0.447,2016-04-29T10:00:00+0200,DE_KN_residential1_freezer | DE_KN_residential4_grid_import | DE_KN_residential4_grid_export | DE_KN_residential6_dishwasher | DE_KN_residential6_washing_machine | DE_KN_residential6_grid_import | DE_KN_residential1_washing_machine | DE_KN_residential1_dishwasher | DE_KN_residential6_freezer
2016-04-29T09:00:00Z,0.453,2016-04-29T11:00:00+0200,DE_KN_residential4_grid_import | DE_KN_residential3_dishwasher | DE_KN_residential4_grid_export | DE_KN_residential6_dishwasher | DE_KN_residential6_washing_machine | DE_KN_residential6_grid_import | DE_KN_residential6_freezer | DE_KN_residential2_circulation_pump
2016-04-29T10:00:00Z,0.458,2016-04-29T12:00:00+0200,DE_KN_residential4_grid_import | DE_KN_residential4_grid_export | DE_KN_residential6_dishwasher | DE_KN_residential6_washing_machine | DE_KN_residential6_grid_import | DE_KN_residential6_freezer
2016-04-29T11:00:00Z,0.463,2016-04-29T13:00:00+0200,DE_KN_residential4_grid_import | DE_KN_residential4_grid_export | DE_KN_residential6_dishwasher | DE_KN_residential6_washing_machine | DE_KN_residential6_grid_import | DE_KN_residential6_freezer
2016-04-29T12:00:00Z,1.446,2016-04-29T14:00:00+0200,DE_KN_residential4_grid_import | DE_KN_residential4_grid_export | DE_KN_residential6_dishwasher | DE_KN_residential6_washing_machine | DE_KN_residential6_grid_import | DE_KN_residential6_freezer
2016-04-29T13:00:00Z,2.887,2016-04-29T15:00:00+0200,DE_KN_residential3_dishwasher | DE_KN_residential6_dishwasher | DE_KN_residential6_washing_machine | DE_KN_residential6_grid_import | DE_KN_residential6_freezer
2016-04-29T14:00:00Z,4.092,2016-04-29T16:00:00+0200,DE_KN_residential1_freezer | DE_KN_residential6_dishwasher | DE_KN_residential6_washing_machine | DE_KN_residential6_grid_import | DE_KN_residential1_washing_machine | DE_KN_residential1_dishwasher | DE_KN_residential6_freezer
2016-04-29T15:00:00Z,4.708,2016-04-29T17:00:00+0200,DE_KN_residential1_dishwasher | DE_KN_residential1_freezer | DE_KN_residential1_washing_machine
2016-04-29T16:00:00Z,4.730,2016-04-29T18:00:00+0200,DE_KN_residential3_washing_machine | DE_KN_residential1_freezer | DE_KN_residential6_dishwasher | DE_KN_residential6_washing_machine | DE_KN_residential6_grid_import | DE_KN_residential1_washing_machine | DE_KN_residential1_dishwasher | DE_KN_residential6_freezer
2016-04-29T17:00:00Z,4.753,2016-04-29T19:00:00+0200,DE_KN_residential3_dishwasher | DE_KN_residential6_dishwasher | DE_KN_residential6_washing_machine | DE_KN_residential6_grid_import | DE_KN_residential6_freezer
2016-04-29T18:00:00Z,4.753,2016-04-29T20:00:00+0200,DE_KN_residential4_grid_import | DE_KN_residential4_grid_export | DE_KN_residential6_dishwasher | DE_KN_residential6_washing_machine | DE_KN_residential6_grid_import | DE_KN_residential6_freezer
2016-04-29T19:00:00Z,4.755,2016-04-29T21:00:00+0200,DE_KN_residential6_dishwasher | DE_KN_residential6_grid_import | DE_KN_residential6_freezer | DE_KN_residential6_washing_machine
2016-04-29T20:00:00Z,4.776,2016-04-29T22:00:00+0200,DE_KN_residential4_grid_import | DE_KN_residential4_grid_export | DE_KN_residential6_dishwasher | DE_KN_residential6_washing_machine | DE_KN_residential6_grid_import | DE_KN_residential6_freezer
2016-04-29T21:00:00Z,4.797,2016-04-29T23:00:00+0200,DE_KN_residential4_grid_import | DE_KN_residential3_dishwasher | DE_KN_residential4_grid_export | DE_KN_residential6_dishwasher | DE_KN_residential6_washing_machine | DE_KN_residential6_grid_import | DE_KN_residential6_freezer
2016-04-29T22:00:00Z,4.818,2016-04-30T00:00:00+0200,DE_KN_residential3_washing_machine | DE_KN_residential5_dishwasher | DE_KN_residential4_grid_import | DE_KN_residential4_grid_export | DE_KN_residential6_dishwasher | DE_KN_residential6_washing_machine | DE_KN_residential6_grid_import | DE_KN_residential6_freezer
2016-04-29T23:00:00Z,4.840,2016-04-30T01:00:00+0200,DE_KN_residential4_grid_import | DE_KN_residential4_grid_export | DE_KN_residential6_dishwasher | DE_KN_residential6_washing_machine | DE_KN_residential6_grid_import | DE_KN_residential6_freezer
2016-04-30T00:00:00Z,4.861,2016-04-30T02:00:00+0200,DE_KN_residential6_dishwasher | DE_KN_residential6_grid_import | DE_KN_residential6_freezer | DE_KN_residential6_washing_machine
2016-04-30T01:00:00Z,4.883,2016-04-30T03:00:00+0200,DE_KN_residential4_grid_import | DE_KN_residential3_dishwasher | DE_KN_residential4_grid_export | DE_KN_residential6_dishwasher | DE_KN_residential6_washing_machine | DE_KN_residential6_grid_import | DE_KN_residential6_freezer
2016-04-30T02:00:00Z,4.904,2016-04-30T04:00:00+0200,DE_KN_residential3_dishwasher | DE_KN_residential6_dishwasher | DE_KN_residential6_washing_machine | DE_KN_residential6_grid_import | DE_KN_residential6_freezer
2016-04-30T03:00:00Z,4.925,2016-04-30T05:00:00+0200,DE_KN_residential5_dishwasher | DE_KN_residential6_dishwasher | DE_KN_residential6_washing_machine | DE_KN_residential6_grid_import | DE_KN_residential6_freezer
2016-04-30T04:00:00Z,4.946,2016-04-30T06:00:00+0200,DE_KN_residential4_grid_import | DE_KN_residential4_grid_export | DE_KN_residential6_dishwasher | DE_KN_residential6_washing_machine | DE_KN_residential6_grid_import | DE_KN_residential6_freezer
2016-04-30T05:00:00Z,5.173,2016-04-30T07:00:00+0200,DE_KN_residential4_grid_import | DE_KN_residential3_dishwasher | DE_KN_residential4_grid_export | DE_KN_residential6_dishwasher | DE_KN_residential6_washing_machine | DE_KN_residential6_grid_import | DE_KN_residential6_freezer
2016-04-30T06:00:00Z,6.584,2016-04-30T08:00:00+0200,DE_KN_residential3_dishwasher | DE_KN_residential6_dishwasher | DE_KN_residential6_washing_machine | DE_KN_residential6_grid_import | DE_KN_residential6_freezer
2016-04-30T07:00:00Z,7.206,2016-04-30T09:00:00+0200,DE_KN_residential6_dishwasher | DE_KN_residential6_grid_import | DE_KN_residential6_freezer | DE_KN_residential6_washing_machine
2016-04-30T08:00:00Z,8.616,2016-04-30T10:00:00+0200,DE_KN_residential6_dishwasher | DE_KN_residential6_grid_import | DE_KN_residential6_freezer | DE_KN_residential6_washing_machine
2016-04-30T09:00:00Z,9.679,2016-04-30T11:00:00+0200,DE_KN_residential3_dishwasher | DE_KN_residential3_refrigerator | DE_KN_residential6_dishwasher | DE_KN_residential6_washing_machine | DE_KN_residential6_grid_import | DE_KN_residential6_freezer
2016-04-30T10:00:00Z,9.962,2016-04-30T12:00:00+0200,DE_KN_residential3_dishwasher | DE_KN_residential6_dishwasher | DE_KN_residential6_washing_machine | DE_KN_residential6_grid_import | DE_KN_residential6_freezer
2016-04-30T11:00:00Z,9.983,2016-04-30T13:00:00+0200,DE_KN_residential3_dishwasher | DE_KN_residential4_grid_import | DE_KN_residential4_grid_export | DE_KN_residential6_dishwasher | DE_KN_residential6_washing_machine | DE_KN_residential6_grid_import | DE_KN_residential6_freezer
2016-04-30T12:00:00Z,10.004,2016-04-30T14:00:00+0200,DE_KN_residential4_grid_import | DE_KN_residential4_grid_export | DE_KN_residential6_dishwasher | DE_KN_residential6_washing_machine | DE_KN_residential6_grid_import | DE_KN_residential6_freezer
2016-04-30T13:00:00Z,10.025,2016-04-30T15:00:00+0200,DE_KN_residential5_dishwasher | DE_KN_residential6_dishwasher | DE_KN_residential6_washing_machine | DE_KN_residential6_grid_import | DE_KN_residential6_freezer
2016-04-30T14:00:00Z,10.047,2016-04-30T16:00:00+0200,DE_KN_residential5_dishwasher | DE_KN_residential6_dishwasher | DE_KN_residential6_washing_machine | DE_KN_residential6_grid_import | DE_KN_residential6_freezer
2016-04-30T15:00:00Z,10.077,2016-04-30T17:00:00+0200,DE_KN_residential6_dishwasher | DE_KN_residential6_grid_import | DE_KN_residential6_freezer | DE_KN_residential6_washing_machine
2016-04-30T16:00:00Z,10.077,2016-04-30T18:00:00+0200,DE_KN_residential4_grid_import | DE_KN_residential4_grid_export | DE_KN_residential6_dishwasher | DE_KN_residential6_washing_machine | DE_KN_residential6_grid_import | DE_KN_residential6_freezer
2016-04-30T17:00:00Z,10.077,2016-04-30T19:00:00+0200,DE_KN_residential4_grid_import | DE_KN_residential4_grid_export | DE_KN_residential6_dishwasher | DE_KN_residential6_washing_machine | DE_KN_residential6_grid_import | DE_KN_residential6_freezer
2016-04-30T18:00:00Z,10.088,2016-04-30T20:00:00+0200,DE_KN_residential6_dishwasher | DE_KN_residential6_grid_import | DE_KN_residential6_freezer | DE_KN_residential6_washing_machine
2016-04-30T19:00:00Z,10.109,2016-04-30T21:00:00+0200,DE_KN_residential6_dishwasher | DE_KN_residential6_grid_import | DE_KN_residential6_freezer | DE_KN_residential6_washing_machine
2016-04-30T20:00:00Z,10.130,2016-04-30T22:00:00+0200,DE_KN_residential6_dishwasher | DE_KN_residential6_grid_import | DE_KN_residential6_freezer | DE_KN_residential6_washing_machine
2016-04-30T21:00:00Z,10.151,2016-04-30T23:00:00+0200,DE_KN_residential3_dishwasher | DE_KN_residential6_dishwasher | DE_KN_residential6_washing_machine | DE_KN_residential6_grid_import | DE_KN_residential6_freezer
2016-04-30T22:00:00Z,10.173,2016-05-01T00:00:00+0200,DE_KN_residential1_freezer | DE_KN_residential3_dishwasher | DE_KN_residential6_dishwasher | DE_KN_residential6_washing_machine | DE_KN_residential6_grid_import | DE_KN_residential1_washing_machine | DE_KN_residential1_dishwasher | DE_KN_residential6_freezer
2016-04-30T23:00:00Z,10.194,2016-05-01T01:00:00+0200,DE_KN_residential1_dishwasher | DE_KN_residential1_freezer | DE_KN_residential1_washing_machine
2016-05-01T00:00:00Z,10.215,2016-05-01T02:00:00+0200,DE_KN_residential1_freezer | DE_KN_residential6_dishwasher | DE_KN_residential6_washing_machine | DE_KN_residential6_grid_import | DE_KN_residential1_washing_machine | DE_KN_residential1_dishwasher | DE_KN_residential6_freezer
2016-05-01T01:00:00Z,10.237,2016-05-01T03:00:00+0200,DE_KN_residential3_dishwasher | DE_KN_residential5_dishwasher | DE_KN_residential6_dishwasher | DE_KN_residential6_washing_machine | DE_KN_residential6_grid_import | DE_KN_residential6_freezer
2016-05-01T02:00:00Z,10.258,2016-05-01T04:00:00+0200,DE_KN_residential3_washing_machine | DE_KN_residential6_dishwasher | DE_KN_residential6_washing_machine | DE_KN_residential6_grid_import | DE_KN_residential6_freezer
2016-05-01T03:00:00Z,10.279,2016-05-01T05:00:00+0200,DE_KN_residential3_washing_machine | DE_KN_residential4_grid_import | DE_KN_residential4_grid_export | DE_KN_residential6_dishwasher | DE_KN_residential6_washing_machine | DE_KN_residential6_grid_import | DE_KN_residential6_freezer
2016-05-01T04:00:00Z,10.300,2016-05-01T06:00:00+0200,DE_KN_residential3_dishwasher | DE_KN_residential6_dishwasher | DE_KN_residential6_washing_machine | DE_KN_residential6_grid_import | DE_KN_residential6_freezer
2016-05-01T05:00:00Z,10.321,2016-05-01T07:00:00+0200,DE_KN_residential6_dishwasher | DE_KN_residential6_grid_import | DE_KN_residential6_freezer | DE_KN_residential6_washing_machine
2016-05-01T06:00:00Z,10.342,2016-05-01T08:00:00+0200,DE_KN_residential6_dishwasher | DE_KN_residential6_grid_import | DE_KN_residential6_freezer | DE_KN_residential6_washing_machine
2016-05-01T07:00:00Z,10.362,2016-05-01T09:00:00+0200,DE_KN_residential5_dishwasher | DE_KN_residential5_refrigerator | DE_KN_residential6_dishwasher | DE_KN_residential6_washing_machine | DE_KN_residential6_grid_import | DE_KN_residential5_washing_machine | DE_KN_residential6_freezer
2016-05-01T08:00:00Z,10.383,2016-05-01T10:00:00+0200,DE_KN_residential5_refrigerator | DE_KN_residential5_washing_machine | DE_KN_residential5_dishwasher
2016-05-01T09:00:00Z,10.404,2016-05-01T11:00:00+0200,DE_KN_residential5_refrigerator | DE_KN_residential5_washing_machine | DE_KN_residential3_dishwasher | DE_KN_residential5_dishwasher
2016-05-01T10:00:00Z,10.424,2016-05-01T12:00:00+0200,DE_KN_residential5_dishwasher | DE_KN_residential5_refrigerator | DE_KN_residential3_dishwasher | DE_KN_residential4_grid_export | DE_KN_residential4_grid_import | DE_KN_residential5_washing_machine
2016-05-01T11:00:00Z,10.454,2016-05-01T13:00:00+0200,DE_KN_residential5_refrigerator | DE_KN_residential5_washing_machine | DE_KN_residential5_dishwasher
2016-05-01T12:00:00Z,10.803,2016-05-01T14:00:00+0200,DE_KN_residential1_freezer | DE_KN_residential5_dishwasher | DE_KN_residential5_refrigerator | DE_KN_residential1_washing_machine | DE_KN_residential5_washing_machine | DE_KN_residential1_dishwasher
2016-05-01T13:00:00Z,12.021,2016-05-01T15:00:00+0200,DE_KN_residential1_freezer | DE_KN_residential5_dishwasher | DE_KN_residential5_refrigerator | DE_KN_residential6_dishwasher | DE_KN_residential6_washing_machine | DE_KN_residential6_grid_import | DE_KN_residential1_washing_machine | DE_KN_residential5_washing_machine | DE_KN_residential1_dishwasher | DE_KN_residential6_freezer
2016-05-01T14:00:00Z,12.511,2016-05-01T16:00:00+0200,DE_KN_residential3_dishwasher | DE_KN_residential5_dishwasher | DE_KN_residential6_dishwasher | DE_KN_residential6_washing_machine | DE_KN_residential6_grid_import | DE_KN_residential6_freezer
2016-05-01T15:00:00Z,12.746,2016-05-01T17:00:00+0200,DE_KN_residential5_dishwasher | DE_KN_residential6_dishwasher | DE_KN_residential6_washing_machine | DE_KN_residential6_grid_import | DE_KN_residential6_freezer
2016-05-01T16:00:00Z,12.753,2016-05-01T18:00:00+0200,DE_KN_residential5_dishwasher | DE_KN_residential6_dishwasher | DE_KN_residential6_washing_machine | DE_KN_residential6_grid_import | DE_KN_residential5_washing_machine | DE_KN_residential6_freezer
2016-05-01T17:00:00Z,12.774,2016-05-01T19:00:00+0200,DE_KN_residential3_dishwasher | DE_KN_residential6_dishwasher | DE_KN_residential6_washing_machine | DE_KN_residential6_grid_import | DE_KN_residential6_freezer
2016-05-01T18:00:00Z,12.795,2016-05-01T20:00:00+0200,DE_KN_residential1_freezer | DE_KN_residential6_dishwasher | DE_KN_residential6_washing_machine | DE_KN_residential6_grid_import | DE_KN_residential1_washing_machine | DE_KN_residential1_dishwasher | DE_KN_residential6_freezer
2016-05-01T19:00:00Z,12.816,2016-05-01T21:00:00+0200,DE_KN_residential4_grid_import | DE_KN_residential4_grid_export | DE_KN_residential6_dishwasher | DE_KN_residential6_washing_machine | DE_KN_residential6_grid_import | DE_KN_residential6_freezer
2016-05-01T20:00:00Z,12.837,2016-05-01T22:00:00+0200,DE_KN_residential6_dishwasher | DE_KN_residential6_grid_import | DE_KN_residential6_freezer | DE_KN_residential6_washing_machine
2016-05-01T21:00:00Z,12.858,2016-05-01T23:00:00+0200,DE_KN_residential6_dishwasher | DE_KN_residential6_grid_import | DE_KN_residential6_freezer | DE_KN_residential6_washing_machine
2016-05-01T22:00:00Z,12.880,2016-05-02T00:00:00+0200,DE_KN_residential3_dishwasher | DE_KN_residential6_dishwasher | DE_KN_residential6_washing_machine | DE_KN_residential6_grid_import | DE_KN_residential6_freezer
2016-05-01T23:00:00Z,12.901,2016-05-02T01:00:00+0200,DE_KN_residential4_grid_import | DE_KN_residential4_grid_export | DE_KN_residential6_dishwasher | DE_KN_residential6_washing_machine | DE_KN_residential6_grid_import | DE_KN_residential6_freezer
